"cluster","net_migration","gini","gdp_ppp","eiu_democracy_index","gross_enrolment_pri_male","gross_enrolment_pri_female","gross_enrolment_hs_male","gross_enrolment_hs_female","gross_enrolment_uhs_male","gross_enrolment_uhs_female","unemployment_total","physicians","nurses_and_midwives","water_access_total","sanitation_total","sexual_violence","theft","assault","kidnapping","homecide"
"1",1.75976575630252,36.9494339402428,19428.6891114916,6.60896125116713,104.323996265173,103.257072829132,97.9948937908497,98.0041141456583,82.7694386087768,86.3129551820728,7.73408613445378,2.22005718954248,4.93314075630252,77.0529878618114,58.5056722689076,33.1939192343604,708.328384687208,117.238953081232,1.76082516339869,6.41317693744164
"2",-3.67884880514706,40.4892616421569,8195.57942847995,5.79348805147059,106.700505514706,104.770557598039,94.2568167892157,94.8593596813726,73.7890471813726,79.1222426470588,7.76542585784314,1.72388174019608,3.13503370098039,67.6704350490196,54.9398131127451,29.8569087009804,578.959865196078,97.7341605392157,1.36179534313725,10.5633272058824
"3",10.249108974359,31.9538461538462,53823.5185998478,8.30641025641026,102.773878205128,102.336378205128,103.970192307692,104.344230769231,101.565544871795,105.797756410256,6.99214743589744,3.43092948717949,10.205608974359,87.769391025641,63.4376602564103,56.9923076923077,1345.94711538462,203.376762820513,3.5588141025641,4.33990384615385
